{"init_params": {"cat_dims": [], "cat_emb_dim": [], "cat_idxs": [], "clip_value": 1, "device_name": "cuda", "epsilon": 1e-15, "gamma": 1.0128779115960516, "grouped_features": [], "input_dim": 10, "lambda_sparse": 0.001, "mask_type": "sparsemax", "momentum": 0.02, "n_a": 24, "n_d": 24, "n_indep_decoder": 1, "n_independent": 4, "n_shared": 5, "n_shared_decoder": 1, "n_steps": 3, "optimizer_params": {"lr": 0.1}, "output_dim": 2, "scheduler_params": {"step_size": 3, "gamma": 0.5}, "seed": 1, "verbose": 1}, "class_attrs": {"preds_mapper": {"0": 0, "1": 1}}}